pair_id,conflict,bank_a,bank_b,row_a,row_b
0,1,3,3,21456,17253
1,0,1,0,19211,17984
2,1,2,2,20850,16233
3,0,2,1,18792,18393
4,1,0,0,21286,18508
5,0,0,2,5582,16768
6,0,0,3,21710,16861
7,0,1,3,21157,21113
8,1,2,2,15977,21384
9,1,0,0,15285,16632
10,0,0,2,17770,22182
11,1,1,1,22527,20368
12,1,0,0,19449,16733
13,0,2,3,21690,17233
14,1,2,2,17732,21056
15,0,1,0,16181,16329
16,1,0,0,15450,20724
17,0,2,0,19644,21632
18,0,0,3,22289,15576
19,0,0,2,17165,20714
20,0,1,3,19416,17166
21,1,3,3,22814,18265
22,0,0,2,19360,21111
23,1,0,0,16519,20669
24,1,2,2,19635,17135
25,0,2,0,22632,22737
26,0,3,1,16457,22299
27,0,0,2,20245,21238
28,0,0,1,16172,19075
29,0,3,1,15611,19236
30,0,2,3,17271,17124
31,0,3,0,20896,18053
32,0,2,3,14988,17680
33,0,2,0,16824,22609
34,0,0,1,18589,19321
35,0,1,3,20463,15144
36,1,2,2,21819,20417
37,0,1,0,18742,18319
38,1,3,3,18668,20592
39,1,3,3,16127,15443
40,1,0,0,14868,15900
41,1,2,2,15320,16657
42,0,3,0,15338,20897
43,1,2,2,15035,16842
44,1,0,0,17112,15979
45,0,1,0,21410,19715
46,0,1,2,18435,19446
47,0,2,1,14907,18755
48,0,0,3,22459,17063
49,0,0,3,18504,18187
50,0,2,3,21716,16106
51,0,0,2,18664,20675
52,0,0,3,21856,22737
53,0,0,1,16134,17664
54,1,1,1,20470,17593
55,0,2,3,18439,20669
56,1,3,3,18824,19091
57,0,3,1,22658,19495
58,0,2,0,17128,14770
59,0,2,0,21669,19572
60,1,2,2,16144,20219
61,0,2,1,16426,19911
62,1,2,2,16805,16665
63,1,1,1,15806,16404
64,1,3,3,19060,19641
65,0,2,3,19923,17916
66,1,1,1,21080,15727
67,0,0,3,15732,20075
68,0,2,3,15604,17197
69,1,2,2,14879,21406
70,0,2,3,20122,18650
71,1,0,0,19216,16087
72,1,1,1,14882,19014
73,0,0,1,20914,17342
74,0,3,0,19179,19723
75,0,3,0,22245,20656
76,0,0,3,17082,15811
77,0,0,1,17707,19219
78,0,0,3,17809,18844
79,0,0,2,20955,22201
80,0,1,0,15626,18018
81,0,3,0,17257,22038
82,0,3,2,19076,18321
83,0,2,0,19253,20013
84,1,3,3,20850,19464
85,1,0,0,18559,18113
86,0,0,2,15255,14914
87,0,2,3,19531,15468
88,0,2,1,19260,17585
89,0,3,0,18142,15580
90,1,0,0,22640,17528
91,0,2,3,21567,16861
92,0,2,0,18671,16414
93,0,2,1,21412,21812
94,0,2,1,20590,19507
95,1,1,1,21153,21548
96,1,3,3,22856,15550
97,0,3,1,20725,19073
98,0,3,0,19203,17119
99,0,3,0,16225,17194
100,0,1,2,21915,20116
101,0,2,3,20638,22501
102,1,3,3,20362,17309
103,0,1,3,15110,16762
104,1,2,2,20226,18584
105,0,2,0,17674,20006
106,0,1,2,21444,16381
107,0,1,2,22199,17255
108,1,1,1,18127,20751
109,1,1,1,16207,15857
110,1,0,0,17398,22692
111,0,1,2,22737,17394
112,0,1,3,15382,20602
113,0,1,2,21799,19917
114,0,1,3,14861,15164
115,0,1,0,22443,22108
116,0,0,1,20613,20221
117,1,1,1,21749,18115
118,0,2,1,5582,22191
119,0,3,2,20209,20228
120,0,2,3,17915,15023
121,0,1,2,17374,16499
122,0,3,0,16736,16713
123,0,2,3,19086,20195
124,0,0,2,22796,20625
125,1,3,3,21384,17333
126,0,0,2,20457,21261
127,0,3,0,20059,21171
128,1,3,3,19003,18998
129,0,1,2,18228,19196
130,1,0,0,19495,17811
131,0,0,2,18444,17247
132,1,0,0,15172,17333
133,0,2,0,20694,15174
134,1,3,3,16663,18043
135,0,1,3,20734,19910
136,1,0,0,18399,15248
137,0,3,2,21741,20467
138,0,2,0,17292,17968
139,0,3,0,17802,17228
140,1,0,0,15733,16327
141,0,1,3,19893,21521
142,0,0,3,13896,17092
143,0,1,2,19832,19063
144,0,0,1,21423,15200
145,0,2,3,15399,18057
146,0,3,0,18342,19175
147,0,0,1,20637,18846
148,0,2,0,21839,18471
149,1,0,0,19352,15643
150,0,1,3,21846,17225
151,0,1,0,20885,17385
152,0,1,3,17805,19766
153,0,0,1,14992,20429
154,1,1,1,14874,18126
155,0,0,3,14733,15938
156,1,0,0,19785,20022
157,0,0,3,22792,19844
158,0,1,0,22446,19764
159,0,3,0,16047,21009
160,1,3,3,20295,16778
161,1,1,1,16206,15778
162,0,2,0,21285,22175
163,0,1,2,19956,20264
164,0,2,3,17785,16447
165,0,0,2,21239,16771
166,0,1,0,19005,19264
167,1,0,0,19488,22142
168,0,1,2,16170,19811
169,0,3,1,19710,16376
170,1,2,2,15077,19839
171,0,2,0,17646,20194
172,0,0,1,17001,17578
173,0,1,3,17178,16586
174,0,0,3,22674,18557
175,1,1,1,13903,20109
176,0,0,1,20668,16273
177,0,1,0,21219,19093
178,0,3,0,15587,18315
179,0,1,0,16497,18705
180,0,2,0,20094,14876
181,1,1,1,20808,16239
182,1,3,3,19471,17435
183,0,3,2,15520,20973
184,0,0,1,22579,20563
185,0,2,0,22681,14732
186,0,1,2,17542,17467
187,0,3,0,20321,19875
188,0,2,3,20377,22831
189,0,1,0,21793,20191
190,0,0,1,18529,21860
191,0,0,2,17440,16336
192,0,0,3,15273,15798
193,0,1,2,20761,16192
194,0,2,1,19445,22590
195,0,0,2,20229,16679
196,0,0,3,22798,18176
197,0,2,1,18250,19409
198,0,1,0,20944,19103
199,0,2,0,17522,20663
200,0,0,2,16806,17343
201,0,2,0,20790,19680
202,0,2,0,20142,18252
203,0,2,3,16694,17659
204,1,1,1,18223,15627
205,0,1,3,14990,22083
206,0,0,3,22819,17761
207,0,0,3,15560,15231
208,1,0,0,18892,21653
209,0,3,1,16755,15477
210,0,0,1,21383,22316
211,0,1,2,17488,21320
212,0,3,2,17632,21070
213,0,1,3,17869,15716
214,0,0,1,17313,20723
215,0,1,2,21711,19450
216,0,1,2,15206,19641
217,0,0,2,16270,20680
218,1,0,0,15033,18296
219,0,3,0,15479,18588
220,0,0,3,19255,15801
221,0,1,3,17811,19213
222,1,0,0,18895,18703
223,0,0,3,19777,14926
224,0,3,1,17495,21864
225,0,2,1,15735,16018
226,0,1,2,21320,18555
227,0,1,2,22670,16092
228,0,2,0,16765,17679
229,0,0,1,17141,19410
230,0,0,3,15542,15991
231,0,2,3,16000,16079
232,0,3,0,20964,17602
233,0,0,1,22092,21329
234,0,3,1,21229,5623
235,0,3,2,17056,17624
236,0,2,3,15844,20199
237,0,3,1,22169,20071
238,0,2,1,16042,19086
239,0,2,3,20329,18869
240,0,0,2,18090,21396
241,0,2,3,20219,16549
242,0,2,1,17091,20029
243,0,0,2,17974,19188
244,0,0,2,14848,20446
245,1,2,2,15738,15721
246,0,3,2,21769,17070
247,0,0,1,17133,19874
248,0,0,2,20004,16364
249,0,0,2,18343,18373
250,1,2,2,16407,20731
251,0,2,3,21329,17583
252,1,3,3,18070,20638
253,0,2,3,14730,19444
254,0,3,2,16864,20455
255,0,0,1,15454,20286
256,0,3,0,18991,21005
257,1,3,3,22167,21414
258,0,0,2,18174,17281
259,0,0,2,17743,18353
260,0,3,0,14867,18813
261,0,2,1,19406,21969
262,1,0,0,21215,21871
263,0,0,3,18983,18358
264,0,0,2,15375,22657
265,0,0,1,22064,17114
266,0,2,0,20528,20533
267,0,2,3,20029,15738
268,1,2,2,18311,20155
269,0,1,3,20515,20507
270,0,2,3,17750,21300
271,0,3,0,17933,22074
272,0,2,1,19445,17241
273,0,1,0,20628,13927
274,0,1,0,19854,15511
275,0,1,2,18444,20053
276,0,2,1,19655,14990
277,1,1,1,19162,18010
278,0,0,3,22193,15284
279,0,2,3,21700,5619
280,1,0,0,15082,20904
281,0,2,0,17153,20942
282,0,3,2,18576,22514
283,0,2,3,22012,22219
284,0,2,1,19809,19667
285,0,1,3,19867,5611
286,1,3,3,18107,14940
287,0,1,0,22105,5605
288,0,2,1,17513,19873
289,0,2,1,13951,22699
290,0,3,1,20715,18559
291,0,2,3,19892,17510
292,0,1,2,18881,16194
293,0,2,0,20852,18214
294,1,3,3,16810,19692
295,1,1,1,18253,17224
296,1,1,1,17736,20738
297,0,0,3,15306,21644
298,0,1,0,20392,22650
299,0,1,2,21004,17341
300,1,0,0,19457,18011
301,0,3,2,17372,5616
302,0,1,3,18283,16617
303,0,0,2,13897,21128
304,0,2,0,21822,14780
305,0,1,3,20967,19677
306,0,0,2,18735,17999
307,1,0,0,22520,13924
308,0,2,1,19525,20512
309,0,2,3,18301,21667
310,0,3,1,17344,21886
311,1,3,3,16031,20412
312,1,1,1,19764,16669
313,1,0,0,19197,17296
314,0,0,3,16459,17340
315,0,1,3,19969,21247
316,0,1,2,20683,22673
317,0,3,1,21283,16106
318,0,3,1,16430,21344
319,0,1,3,22566,15392
320,0,0,1,21520,20673
321,0,0,3,20402,17394
322,0,1,3,15812,20061
323,1,1,1,17482,20669
324,0,3,2,17713,21115
325,0,3,0,19476,20390
326,0,1,0,20141,20840
327,0,1,0,17942,17045
328,0,0,3,22841,22470
329,1,3,3,19672,16439
330,0,0,2,16951,16781
331,1,0,0,14763,13942
332,0,3,2,16594,21442
333,0,0,1,16212,18357
334,0,1,3,19926,15917
335,0,3,0,19081,18586
336,0,2,1,21922,16623
337,0,1,2,21312,14874
338,0,3,1,22016,15934
339,1,1,1,20875,16870
340,0,1,3,22381,17491
341,0,3,0,22591,19662
342,0,1,3,15471,17673
343,0,3,0,22038,15452
344,1,1,1,17284,18851
345,0,1,0,17223,19567
346,0,2,0,20964,17382
347,0,2,3,19672,5610
348,1,0,0,15964,21216
349,0,2,0,18387,21222
350,0,2,3,22465,22800
351,1,3,3,16947,21527
352,0,3,2,16563,15399
353,0,3,1,21733,15720
354,0,1,3,16665,19748
355,0,0,1,17922,16186
356,0,0,2,22572,17653
357,1,0,0,21180,15183
358,0,3,1,20658,20358
359,1,2,2,15966,15082
360,0,0,2,16349,18521
361,1,0,0,19981,22645
362,0,0,1,21235,16793
363,0,2,3,22675,22530
364,0,0,3,15149,18202
365,0,2,0,20892,13922
366,0,0,3,18143,14979
367,0,1,2,21613,20038
368,1,3,3,15710,20486
369,0,1,3,21090,17707
370,1,0,0,17375,16152
371,1,2,2,19225,17086
372,1,0,0,19137,17545
373,0,0,1,17601,16935
374,0,0,1,15043,18899
375,0,2,3,17349,16723
376,1,1,1,22752,22662
377,0,2,3,16508,21126
378,0,0,2,16595,16323
379,0,1,2,20797,17075
380,0,3,1,19857,18829
381,0,0,2,17161,15140
382,0,2,0,19140,15914
383,0,2,3,20510,20182
384,0,1,2,21732,18740
385,0,1,3,15030,16246
386,0,0,1,20224,19587
387,0,0,3,18665,16500
388,0,0,3,22464,21597
389,1,2,2,18767,22838
390,0,2,3,17636,21448
391,0,3,1,16701,17528
392,0,2,3,21250,18541
393,0,2,0,15794,14985
394,0,0,2,20197,21923
395,0,0,1,17392,17194
396,0,1,3,17892,19884
397,0,2,1,17666,22364
398,0,1,3,21130,15316
399,0,3,0,19686,20002
400,0,3,2,19388,20048
401,1,2,2,21580,16752
402,0,2,1,16775,17385
403,0,3,0,18584,16379
404,0,2,0,16122,22684
405,0,1,2,16357,19090
406,0,1,3,21272,18390
407,1,1,1,21950,19662
408,0,1,2,22264,14884
409,1,3,3,19978,19600
410,1,2,2,22139,22702
411,0,3,1,22126,17171
412,1,3,3,19726,16932
413,0,0,3,16675,17996
414,0,0,1,17581,21693
415,0,2,1,15138,22301
416,0,1,2,18881,22050
417,0,2,1,16193,20988
418,0,1,3,16575,20109
419,0,0,1,22699,18029
420,0,1,3,19933,16195
421,1,1,1,22451,18345
422,0,1,0,19918,21541
423,1,0,0,15147,19322
424,0,0,2,21757,20457
425,0,1,0,16062,21036
426,1,2,2,20299,15328
427,0,3,0,15346,17166
428,0,3,2,17592,17353
429,0,1,2,20494,20505
430,1,1,1,16186,20964
431,0,2,1,19946,20399
432,0,1,2,20154,21471
433,1,1,1,18527,22061
434,1,3,3,18720,18365
435,0,1,3,17230,15793
436,0,1,0,19893,16821
437,0,2,0,19470,16951
438,0,3,1,15501,19949
439,1,2,2,21604,22590
440,1,1,1,17546,14742
441,1,1,1,20766,14985
442,1,2,2,15466,21444
443,0,3,0,17482,18391
444,1,3,3,15937,15116
445,0,0,2,16036,17455
446,0,2,0,21412,21314
447,1,2,2,14994,18706
448,0,0,1,19925,18853
449,0,1,2,17907,15785
450,0,2,0,22550,20469
451,0,0,1,16911,19583
452,0,3,0,22621,21713
453,0,3,1,21865,15263
454,1,3,3,18801,20609
455,0,1,2,14993,21679
456,0,3,0,20747,21091
457,0,2,0,21996,21546
458,0,1,0,19675,16619
459,1,2,2,17076,20944
460,0,1,0,17067,18444
461,0,3,1,15539,15619
462,1,3,3,16897,15865
463,1,1,1,19657,22154
464,0,2,1,20050,5616
465,1,2,2,15079,19740
466,1,0,0,20505,17322
467,1,1,1,16463,20266
468,1,3,3,16174,15468
469,1,0,0,20861,20308
470,0,1,3,21410,21185
471,0,1,3,19127,19297
472,1,2,2,19416,18263
473,1,1,1,17983,16231
474,0,0,1,20214,20391
475,0,1,3,22507,22612
476,0,3,2,15974,15186
477,0,3,0,15371,18204
478,0,3,2,16383,20360
479,0,0,3,17498,21765
480,0,2,0,20396,17909
481,0,3,0,18645,18041
482,0,2,3,20562,20440
483,1,3,3,15446,22068
484,0,1,2,21241,21639
485,0,2,0,19516,19791
486,0,3,2,19964,15783
487,0,1,3,16228,16520
488,0,2,0,19378,19543
489,0,2,0,18083,16732
490,0,3,2,17073,17730
491,0,2,1,16484,18380
492,0,2,3,18248,17187
493,1,0,0,21916,19964
494,0,0,3,5600,16553
495,0,1,0,18869,20416
496,0,1,3,19794,22846
497,1,2,2,15596,17496
498,0,0,3,20427,16374
499,0,0,3,16705,18807
