pair_id,pa_a,pa_b,pa_xor,latency_ticks,latency_ns
0,0x1b6494040,0x1b0f8c100,0x6b18140,4.0,128.0
1,0x184b53d00,0x1af686cc0,0x2bdd51c0,4.0,128.0
2,0x1a1924480,0x1a4667c00,0x5f43880,4.0,128.0
3,0xb3ff8940,0x1b21c9c00,0x101e31540,4.0,128.0
4,0x1ad364fc0,0x1aa8d1700,0x7bb58c0,4.0,128.0
5,0x1aa434280,0x1b1fcce40,0x1bbf8cc0,4.0,128.0
6,0x1ad2dc700,0x1b25933c0,0x1f74f4c0,4.0,128.0
7,0x1a6a83b00,0xb0fd1d00,0x116552600,4.0,128.0
8,0x1a85634c0,0x1a1b87ec0,0x9ee4a00,4.0,128.0
9,0x1a2d22bc0,0x1b2d38240,0x1001a980,4.0,128.0
10,0x1a8594ec0,0x1b0e23ec0,0x18bb7000,4.0,128.0
11,0x1b259e680,0x1b44d1280,0x614f400,4.0,128.0
12,0x1b2493cc0,0x1b440e100,0x609ddc0,4.0,128.0
13,0x1a046a7c0,0x1a7682640,0x72e8180,4.0,128.0
14,0x1ad3a5300,0x1b7a33c80,0x1a996f80,6.0,192.0
15,0x185114680,0x1a9cc3340,0x2cdd75c0,4.0,128.0
16,0x1adf03d80,0xb7ce6380,0x11a3e5e00,4.0,128.0
17,0x19f96f040,0x1ae393200,0x31afc240,4.0,128.0
18,0x1a259ef80,0x1ac360980,0xe6fe600,4.0,128.0
19,0x1a6aa1e40,0xb3f2ff40,0x11558e100,4.0,128.0
20,0x1b579d080,0xad17d0c0,0x1186e0040,4.0,128.0
21,0x1a6180dc0,0x1a8fbe780,0xee3ea40,4.0,128.0
22,0x1a8519480,0x1ab76e8c0,0x3277c40,4.0,128.0
23,0x1ad776480,0x1af6a0940,0x21d6dc0,4.0,128.0
24,0xbd974780,0x1ae803040,0x1131777c0,4.0,128.0
25,0x1a8862b80,0x1b201b680,0x1a879d00,4.0,128.0
26,0x1a636bf40,0x1a1b45200,0x782ed40,4.0,128.0
27,0xba579900,0x17f769c00,0x1c5210500,4.0,128.0
28,0x1b4abe300,0x1abd260c0,0x1f7983c0,4.0,128.0
29,0x1a4f31280,0xacd08600,0x108239480,4.0,128.0
30,0x1a93e4d80,0x1a43cf900,0xd02b480,4.0,128.0
31,0x1b0bd6980,0x1b570cb00,0x5cda280,4.0,128.0
32,0x1a2306c80,0xba94e9c0,0x118a48540,4.0,128.0
33,0x1a9f2ad40,0x1a2c0fc00,0xb325140,4.0,128.0
34,0x185755340,0xba82bb80,0x13ff7e8c0,4.0,128.0
35,0xba66bb40,0xbcf823c0,0x69e9880,4.0,128.0
36,0xae953c40,0x1b4248900,0x11ab1b540,4.0,128.0
37,0xadd13b40,0x1abdfa0c0,0x1060e9b80,4.0,128.0
38,0x1a5e421c0,0x1b0361000,0x15d231c0,4.0,128.0
39,0xb1ec4a00,0x1af8c8980,0x11e60c380,4.0,128.0
40,0x1a50a9040,0xc0685580,0x16562c5c0,4.0,128.0
41,0x1a8629000,0x1a9f7ef80,0x1957f80,4.0,128.0
42,0x1a8d17780,0x1b43c4900,0x1ced3e80,4.0,128.0
43,0xbe4cfbc0,0xadec4ac0,0x13a0b100,4.0,128.0
44,0x1a6575a00,0x1aaac9e40,0xcfbc440,4.0,128.0
45,0xbdfc70c0,0x1add7e780,0x1102b9740,4.0,128.0
46,0xbc407740,0xb3d70a40,0xf977d00,4.0,128.0
47,0x1a9916280,0x1ad9303c0,0x4026140,4.0,128.0
48,0x1ae883400,0x1b1c65fc0,0x1f4e6bc0,4.0,128.0
49,0x1af164fc0,0x1ae462740,0x1506880,4.0,128.0
50,0x1a76e1b40,0xae89eb00,0x109e7f040,4.0,128.0
51,0x1a9d24b00,0x1aafc3780,0x32e7c80,4.0,128.0
52,0x1b7f00440,0x1ac90e680,0x1b60e2c0,4.0,128.0
53,0x1b51e1840,0xade31600,0x118fd0e40,4.0,128.0
54,0xbcaa0680,0x1b572c240,0x109d8c4c0,4.0,128.0
55,0xbb7a6f80,0x1a6dc76c0,0x11da61940,4.0,128.0
56,0x1a4a1d7c0,0x1a0708f80,0x4d15840,4.0,128.0
57,0x1af16b680,0x1ac359f80,0x3232900,4.0,128.0
58,0xae3d58c0,0x1b4d03240,0x11aed6a80,4.0,128.0
59,0x1aebdfa40,0x1b83f22c0,0x1682d880,4.0,128.0
60,0x1a5c58080,0x1b7577b00,0x1292fb80,4.0,128.0
61,0x1acfb5a40,0x1b1a807c0,0x1d535d80,4.0,128.0
62,0x1b802a580,0x1b4cf0cc0,0xccda940,4.0,128.0
63,0x1a583ab80,0x1ac937980,0x910d200,4.0,128.0
64,0x1ad5e1cc0,0xb1a13b40,0x11cff2780,4.0,128.0
65,0x1a1adf100,0x1b30e8800,0x12a37900,4.0,128.0
66,0x184c7c640,0x1a9c28c00,0x2d054a40,6.0,192.0
67,0xaebf8fc0,0x1b5207a80,0x11b9ff540,4.0,128.0
68,0xba39c280,0xbb610800,0x158ca80,4.0,128.0
69,0xb7ced0c0,0x184e7a900,0x1332979c0,4.0,128.0
70,0x1b3fada80,0x1b07f8040,0x3855ac0,4.0,128.0
71,0x1a40cd000,0x184df0240,0x20d3d240,4.0,128.0
72,0x1af846000,0xbafa4680,0x1157e2680,4.0,128.0
73,0x1a95d41c0,0xac5be8c0,0x10506a900,4.0,128.0
74,0x1ad7ea8c0,0xba735c00,0x1170df4c0,4.0,128.0
75,0x1a8a5fb80,0xbad39940,0x1127662c0,4.0,128.0
76,0x1b45da740,0x1b3e3a5c0,0x7be0280,4.0,128.0
77,0x1a9f72100,0x1b268fcc0,0x1b9fddc0,4.0,128.0
78,0x1af7b6280,0x1ae3d1c80,0x1467e00,4.0,128.0
79,0xbc2bd640,0x1a32dcf40,0x11f061900,4.0,128.0
80,0x1a7e217c0,0x1a5b56740,0x2577080,4.0,128.0
81,0xbabca780,0x1a5727e00,0x11fced980,4.0,128.0
82,0x1ae2ea380,0x1b7f44740,0x19dae4c0,4.0,128.0
83,0x1845538c0,0x1a98d0600,0x2dd83ec0,4.0,128.0
84,0x1b61c5f40,0x184c91980,0x32d546c0,4.0,128.0
85,0xbe647f40,0x1b05fe9c0,0x10e3b9680,4.0,128.0
86,0xb9aeb9c0,0x1a98c6f40,0x11022d680,4.0,128.0
87,0x1ad933c40,0x1a3e9e9c0,0xe7ad580,4.0,128.0
88,0x1a23ae5c0,0xbeb4be00,0x11c8e5bc0,4.0,128.0
89,0x1ac2ec280,0xb9a4ee80,0x1158a2c00,4.0,128.0
90,0xbccaba40,0x1b316fe00,0x10fdc4440,4.0,128.0
91,0x1a63f47c0,0x1ad7f5180,0xb401640,4.0,128.0
92,0x1ad4353c0,0x1ae78b8c0,0x33beb00,6.0,192.0
93,0x1a630fe40,0x1a312f680,0x52208c0,4.0,128.0
94,0xb892f540,0x1aa386480,0x112aa91c0,4.0,128.0
95,0x1a4f765c0,0x1a922dd00,0xdd5b8c0,4.0,128.0
96,0xb3e7dc00,0xbcf5dd40,0xf120140,4.0,128.0
97,0x1acd7ab00,0x1a2a76f80,0xe70c480,4.0,128.0
98,0x1b6154480,0x1ac7593c0,0x1a60d740,4.0,128.0
99,0x1aaf6c580,0x1b2fa5400,0x180c9180,4.0,128.0
100,0xad20ad40,0xab1ec4c0,0x63e6980,4.0,128.0
101,0x1a9ae8dc0,0x1b5e68740,0x1c480a80,4.0,128.0
102,0xbcda4400,0x1b5f86a00,0x109222e00,4.0,128.0
103,0x17f571100,0xafa4a9c0,0x1d0f3b8c0,4.0,128.0
104,0x1b1f3e840,0x1aafe83c0,0x1b0d6b80,4.0,128.0
105,0x1ad06d840,0x1aa959280,0x7934ac0,4.0,128.0
106,0xadca61c0,0x1b1887000,0x11c4211c0,4.0,128.0
107,0x1b64b8400,0x1b063c5c0,0x62841c0,4.0,128.0
108,0xb0d3b8c0,0x1a2c53240,0x112168a80,4.0,128.0
109,0x1b2390c40,0x1a7964e00,0x15af4240,4.0,128.0
110,0x1abbfe6c0,0xac8e1200,0x10731f4c0,4.0,128.0
111,0xae04fb00,0x17f06b2c0,0x1d10249c0,4.0,128.0
112,0xbdae9f80,0x1a29bc640,0x11f3559c0,4.0,128.0
113,0x17f306240,0x1b051b400,0xcf61d640,4.0,128.0
114,0x1ad539a00,0x1aa5b6800,0x708f200,4.0,128.0
115,0x1a994b800,0x1b59d3780,0x1c098f80,4.0,128.0
116,0x17f341cc0,0xbad2c600,0x1c5e6dac0,4.0,128.0
117,0x1b1cc5ec0,0x17f0d9100,0xcec1cfc0,4.0,128.0
118,0x1adc6b000,0x1b09c1fc0,0x1d5aafc0,4.0,128.0
119,0xbd507ac0,0x1a6034840,0x11b533280,4.0,128.0
120,0x1a1eef380,0x1ab13a340,0xafd50c0,6.0,192.0
121,0xba6bfac0,0x1a48f6580,0x11ee49f40,4.0,128.0
122,0x1a3706340,0x1ac6f4ec0,0xf1f2d80,4.0,128.0
123,0x1b3b57b40,0x1a87c7c40,0x1bc90700,4.0,128.0
124,0xb3ffe100,0x1ac373780,0x11fc8d680,4.0,128.0
125,0x1ae496a40,0x19f8d5800,0x31c43240,4.0,128.0
126,0x1a7f2a980,0x1a40d9580,0x3ff3c00,6.0,192.0
127,0x1b65caac0,0x1a22f1900,0x1473b3c0,4.0,128.0
128,0xbc2f5bc0,0x1b5c15d40,0x109ee0680,4.0,128.0
129,0x1b1377d40,0x1b175e5c0,0x429880,4.0,128.0
130,0x1a6e57540,0x1a06e8540,0x68bf000,4.0,128.0
131,0xba4a9d40,0x1a6424200,0x11c08df40,4.0,128.0
132,0x1b15ccb40,0x1a5fc7c00,0x14a0b740,4.0,128.0
133,0x1a5388300,0x1a5ec2b80,0xd4a880,4.0,128.0
134,0x1b4daec00,0x1a2c55e00,0x161fb200,4.0,128.0
135,0x1aab1c3c0,0x1b5007f80,0x1fb1bc40,4.0,128.0
136,0x1ac9b5140,0x1b8338ec0,0x14a8df80,4.0,128.0
137,0xbcdbb500,0xbb4ba480,0x7901180,4.0,128.0
138,0x1ab7b7d80,0xbcc22040,0x117b95dc0,4.0,128.0
139,0x1b50120c0,0x1b748eec0,0x249ce00,4.0,128.0
140,0x1a4d047c0,0x1aa1edb40,0xece9c80,6.0,192.0
141,0xbdcb26c0,0x1ab799180,0x116b2b740,4.0,128.0
142,0xbc54b0c0,0x1b28fe180,0x10edb5140,4.0,128.0
143,0x1abdf5a80,0x1b0910c80,0x1b4e5600,4.0,128.0
144,0x1af19eec0,0x1a36b27c0,0xc72c900,6.0,192.0
145,0x1a84fa240,0x1b441b400,0x1c0e1640,4.0,128.0
146,0x1a2c25d40,0x1b46dafc0,0x16aff280,4.0,128.0
147,0x1da926640,0x1b2e16880,0x68730ec0,4.0,128.0
148,0xb7e14bc0,0x1a4c76940,0x113262280,4.0,128.0
149,0xae219400,0xbda237c0,0x1383a3c0,4.0,128.0
150,0x1a64f1740,0x1a80a5800,0xe454f40,4.0,128.0
151,0x1af993780,0xb9928880,0x1160bbf00,4.0,128.0
152,0x1a71686c0,0x1aeb40c80,0x9a28a40,4.0,128.0
153,0x1a6b7ad40,0xbdd5a440,0x11b620900,4.0,128.0
154,0x1a74d1d00,0x1a20d1e00,0x5400300,4.0,128.0
155,0x1aec5f300,0x1aad404c0,0x411f7c0,4.0,128.0
156,0x1aae2a940,0x1ab7929c0,0x19b8080,4.0,128.0
157,0x1b48fe640,0x1b6080a00,0x287ec40,4.0,128.0
158,0x1a45d5b80,0x1a6c39100,0x29eca80,4.0,128.0
159,0x1ad61b680,0xb3c56a40,0x11ea4dcc0,4.0,128.0
160,0x1a8e558c0,0x1b4739900,0x1c96c1c0,4.0,128.0
161,0x1acc3fe80,0x1aa69f600,0x6aa0880,4.0,128.0
162,0x1af3598c0,0x1acc744c0,0x3f2dc00,4.0,128.0
163,0x1a3940ec0,0x1ae2ab480,0xdbeba40,4.0,128.0
164,0x1b050fe00,0x184a2a2c0,0x34f25cc0,4.0,128.0
165,0x1a8436c80,0x1b556b580,0x1d15d900,4.0,128.0
166,0xaccf4ac0,0xbac35400,0x160c1ec0,4.0,128.0
167,0x1ad4c0e00,0x1ad867180,0xca7f80,4.0,128.0
168,0x1ab9ba080,0x1b2460b40,0x19ddabc0,4.0,128.0
169,0x1a5237600,0xb990ed80,0x11cb39b80,4.0,128.0
170,0x1b309c980,0x1b2aba900,0x1a26080,4.0,128.0
171,0x1a2c7c280,0xaeb892c0,0x10c7f5040,4.0,128.0
172,0x1a46d8300,0x1b619e8c0,0x12746bc0,4.0,128.0
173,0x1daaf6d00,0x1a7018e80,0x7daee380,4.0,128.0
174,0x1a3a629c0,0x1ad356380,0xe934a40,4.0,128.0
175,0x19f9d78c0,0x1aacdd2c0,0x3550aa00,4.0,128.0
176,0xace4ac80,0x1ab0a2740,0x107ee8bc0,4.0,128.0
177,0xac94f8c0,0x1b5699540,0x119fd6d80,4.0,128.0
178,0x1b793bc00,0x1b5c4c780,0x2577b80,4.0,128.0
179,0x1a9dcfa00,0x1adad6a40,0x4719040,4.0,128.0
180,0x1b5f3ba80,0x1b0d70680,0x524bc00,4.0,128.0
181,0xad378fc0,0x1a475b540,0x109423a80,4.0,128.0
182,0x1ae3e9a80,0x1b55b2dc0,0x1b65b740,4.0,128.0
183,0xbd49c700,0xbab56b00,0x7fcac00,4.0,128.0
184,0x1ae69d940,0x1b4188d00,0x1a715440,4.0,128.0
185,0x1b004a8c0,0x1a7c7e2c0,0x17c34a00,4.0,128.0
186,0x1ad0ce600,0x1b18eab40,0x1c824d40,4.0,128.0
187,0x1ab3f4580,0x1b03cb900,0x1b03fc80,4.0,128.0
188,0x1ae714400,0x1aa92f280,0x4e3b680,4.0,128.0
189,0x1b5809780,0x1b059be00,0x5d92980,4.0,128.0
190,0x1b67f1640,0x1b3c6c080,0x5b9d6c0,4.0,128.0
191,0x1a1f030c0,0x1a44512c0,0x5b52200,4.0,128.0
192,0x1a59987c0,0x1b420e980,0x11b96e40,4.0,128.0
193,0x17f20e840,0x1a2f5e400,0xddd50c40,4.0,128.0
194,0xbd456140,0x1a8969240,0x115d3f300,4.0,128.0
195,0xba893e40,0x1acf66bc0,0x1167f5580,4.0,128.0
196,0x17f0fe8c0,0xbb686e00,0x1c46786c0,4.0,128.0
197,0xad169100,0x1acb73340,0x101a1a240,4.0,128.0
198,0x1b2988bc0,0xb0cb0800,0x1025383c0,4.0,128.0
199,0x1ab1c6e40,0x1a756a500,0xc4acb40,4.0,128.0
200,0x19fccb500,0x1a1f55700,0x3e39e200,4.0,128.0
201,0x1add537c0,0x1ace5db40,0x130ec80,4.0,128.0
202,0x1b23ab240,0x1b816cd80,0xa2c7fc0,4.0,128.0
203,0x1a36b4440,0x1a6803680,0x5eb72c0,4.0,128.0
204,0x1a8b27000,0x1b7427c00,0x1ff00c00,4.0,128.0
205,0x1b590a480,0x1a505c640,0x109562c0,4.0,128.0
206,0xb3c94c80,0x1b5c31540,0x1060a59c0,4.0,128.0
207,0xab3a7940,0x1b60db440,0x11d37cd00,4.0,128.0
208,0x1b0acaec0,0x1a6c6c180,0x166a6f40,4.0,128.0
209,0xbd523840,0x1a7af6000,0x11afd5840,4.0,128.0
210,0x1ae1403c0,0xbc5a2680,0x1124e2540,4.0,128.0
211,0xaf9fcbc0,0x1ac8c8c80,0x103134740,4.0,128.0
212,0x1aa25f480,0xc0610d00,0x16a44f980,4.0,128.0
213,0x1b7e60fc0,0x1a312c080,0x14f4cf40,4.0,128.0
214,0x1adcb5500,0xad3e8e00,0x100f5db00,4.0,128.0
215,0x1a9201580,0x1ad98aa40,0x4b8bfc0,4.0,128.0
216,0x1a9a2c540,0x1b5b79d80,0x1c1558c0,4.0,128.0
217,0x18490d580,0xb1c5f780,0x135552200,4.0,128.0
218,0xb1a7ab00,0x1a2f4b9c0,0x1135312c0,4.0,128.0
219,0x1a7689e00,0x1a25ddb00,0x5354500,4.0,128.0
220,0x1845985c0,0x1a34d8280,0x27140740,4.0,128.0
221,0x1a61a5180,0x1b15fb240,0x1745e3c0,4.0,128.0
222,0x1852747c0,0xbc4faac0,0x13968ed00,4.0,128.0
223,0x1ae3616c0,0x1af3ca6c0,0x10ab000,4.0,128.0
224,0x1b2672c40,0x1abc4af00,0x19a38340,4.0,128.0
225,0x1b52e46c0,0xbe6af000,0x10b44b6c0,4.0,128.0
226,0x19fef85c0,0x1ae5f02c0,0x31b08700,4.0,128.0
227,0xb3c16c80,0x1a7e9ca40,0x11428a6c0,4.0,128.0
228,0x1b5f4cfc0,0x1b06d0c40,0x599c380,4.0,128.0
229,0x1a9b33ac0,0x1aa08d4c0,0x3bbee00,4.0,128.0
230,0x1856a6a40,0x1b115a080,0x347fcac0,4.0,128.0
231,0x1b663bf00,0xab3ecf80,0x11d5d7080,4.0,128.0
232,0x1ad217e00,0x1b5ed4480,0x18cc3a80,4.0,128.0
233,0x1a8f9e740,0xbe686900,0x116918e40,4.0,128.0
234,0x17f644e80,0xba99d540,0x1c5fd9bc0,4.0,128.0
235,0x1a7e17400,0x1b6468440,0x11a7f040,4.0,128.0
236,0x1b0a90800,0x1acbe0580,0x1c170d80,4.0,128.0
237,0x1ae6ee6c0,0xae1f7fc0,0x100719900,4.0,128.0
238,0x1853e7040,0x1a2f94d80,0x27c73dc0,4.0,128.0
239,0x1a449e680,0xb83c9c80,0x11c757a00,4.0,128.0
240,0xba4c1c80,0xbcf7fd80,0x6bbe100,4.0,128.0
241,0x1b6200c80,0x1ab387240,0x1d187ec0,4.0,128.0
242,0x1ace22040,0xba934900,0x116716940,4.0,128.0
243,0x1b1647cc0,0x1a91fa000,0x187bdcc0,4.0,128.0
244,0x1a5bca540,0x184a20780,0x211ea2c0,6.0,192.0
245,0x1b1eab4c0,0xaddd5fc0,0x11c37eb00,4.0,128.0
246,0x1b1384800,0xba97d400,0x10baf9c00,4.0,128.0
247,0x1aaf38f40,0x1a4a27600,0xe51f940,4.0,128.0
248,0x1aad8b880,0x1b2242680,0x18fc9e00,4.0,128.0
249,0x1aa260f00,0xab2d4700,0x1010b4800,4.0,128.0
250,0x1a7119c00,0x1b049c340,0x17585f40,4.0,128.0
251,0x1a5608b80,0x1b67ce400,0x131c6f80,4.0,128.0
252,0xbc9978c0,0x1b211c240,0x10e88ba80,4.0,128.0
253,0xacb593c0,0x1a1833940,0x10d36aa80,4.0,128.0
254,0x1b341afc0,0x1ae8aba80,0x1dcb1540,4.0,128.0
255,0x1b0d3c5c0,0x1a70a9c40,0x17d95980,4.0,128.0
256,0x1ad0dd800,0x1adbc8280,0xb15a80,4.0,128.0
257,0x1b0854ec0,0xac6d1840,0x11ce85680,4.0,128.0
258,0x1a28c2b80,0x1a8b27b80,0xa3e5000,4.0,128.0
259,0x1a81a9840,0x1a68b2100,0xe91b940,4.0,128.0
260,0x1a8553300,0x1b8379d00,0x1062ae00,4.0,128.0
261,0x1a96d30c0,0x1852fbb40,0x2c428b80,4.0,128.0
262,0x1adb31100,0x1b2977000,0x1f246100,4.0,128.0
263,0xbcbdf140,0x184ce19c0,0x13873e880,4.0,128.0
264,0xbd9e06c0,0x1aba34080,0x1163d4640,4.0,128.0
265,0xbc0920c0,0x1b0d812c0,0x10cd13200,4.0,128.0
266,0x1a24153c0,0x1a9ff4c40,0xbbe1f80,4.0,128.0
267,0x1ad9da6c0,0x1a4540c80,0x9c9aa40,4.0,128.0
268,0x1a259be80,0x1853e7a80,0x2767c400,4.0,128.0
269,0xaea8c5c0,0x1b45dae40,0x11af56b80,4.0,128.0
270,0x1ad3d8500,0xbea92bc0,0x11394aec0,4.0,128.0
271,0x1a230eac0,0xac81bd00,0x10eb157c0,4.0,128.0
272,0x1a834ce40,0x1b1788980,0x194c47c0,4.0,128.0
273,0xac6b8540,0x1a90339c0,0x10568bc80,4.0,128.0
274,0x1a04d5500,0x1a66bcd80,0x6269880,4.0,128.0
275,0xbb4e4ac0,0x1a70b3800,0x11c4572c0,4.0,128.0
276,0x1a57c0ac0,0x1b6747b80,0x13087140,4.0,128.0
277,0xbc21a340,0xb7d8abc0,0xbf90880,4.0,128.0
278,0x1af548bc0,0xbe5f44c0,0x1110bcf00,4.0,128.0
279,0xba947580,0xbecfc280,0x45bb700,4.0,128.0
280,0xbed1e540,0xb19d4680,0xf4ca3c0,4.0,128.0
281,0x1b0477540,0x1b209e900,0x24e9c40,4.0,128.0
282,0x1a36ef2c0,0x1a4b96c00,0x7d79ec0,4.0,128.0
283,0xb3dc4580,0xadd43180,0x1e087400,4.0,128.0
284,0x1a2e09680,0x17f207b80,0xddc0ed00,4.0,128.0
285,0x1855f4fc0,0x1ae605bc0,0x2b3f1400,4.0,128.0
286,0xbaa08740,0x1b7f28a80,0x10d520dc0,4.0,128.0
287,0x1adb6a8c0,0xb7c81580,0x11a7ebd40,4.0,128.0
288,0x1af53c400,0xacb34e40,0x103e08a40,4.0,128.0
289,0x1a92bcf40,0xb3e47900,0x11acfb640,4.0,128.0
290,0x1b0aa5bc0,0x1b6331a40,0x6994180,6.0,192.0
291,0x1b3d74140,0xb7f0d680,0x1042797c0,4.0,128.0
292,0x1b2f035c0,0x17f1d3480,0xcded0140,4.0,128.0
293,0xb8142280,0x1a8991180,0x1108d3300,4.0,128.0
294,0x1a5b24940,0xb98a4800,0x11c380140,4.0,128.0
295,0x1a8087400,0x1b57aee80,0x1d729a80,4.0,128.0
296,0x1b2c58e80,0xae23d940,0x11ce657c0,4.0,128.0
297,0xb3f99780,0x1b4f6d180,0x1070f4600,4.0,128.0
298,0xb8bfd540,0x1a9b67d40,0x11109a800,4.0,128.0
299,0x1b7587300,0xbc8bcc00,0x10bd3bf00,4.0,128.0
