block_idx,position_in_block,order_idx,time_s,is_anchor,hd_total,rep,mean_VDD2_mA,std_VDD2_mA,mean_VDDQ_mA,std_VDDQ_mA,mean_CORE_mA,std_CORE_mA
0,0,0,0.000,1,0,-1,83.4745,1.5592,2.2549,0.5800,1653.8360,11.7891
0,1,1,3.264,0,424,0,92.1929,1.0984,2.3203,1.2493,1737.7780,285.1574
0,2,2,6.423,0,112,0,86.1421,0.8624,2.2876,0.6328,1655.6220,9.4265
0,3,3,9.683,0,8,0,83.2794,1.2599,2.0588,0.7223,1653.2407,9.4667
0,4,4,12.842,0,512,0,94.0146,1.7170,2.6471,1.0930,1662.7660,5.0063
0,5,5,16.104,0,272,0,89.0048,1.0563,2.0588,0.8118,1661.5753,9.2229
0,6,6,19.263,0,384,0,90.8916,1.9818,2.5817,0.6274,1661.5753,7.1334
0,7,7,22.424,0,496,0,93.2338,1.5592,2.3530,0.7457,1663.3613,7.8916
0,8,8,25.583,0,24,0,83.6697,1.4968,2.8105,0.7743,1652.6453,7.8916
0,9,9,28.843,0,288,0,95.4460,17.3885,2.4837,1.0227,1724.0853,247.0715
0,10,10,32.104,0,176,0,87.1180,1.1934,2.4183,0.7047,1658.0033,9.9364
0,11,11,35.364,0,224,0,87.7036,1.0984,2.1569,0.4462,1658.5987,8.5831
0,12,12,38.624,0,104,0,85.3939,1.2849,2.5123,1.0106,1655.9569,9.2048
0,13,13,41.907,0,48,0,84.9059,1.4286,2.4183,0.8782,1651.4547,7.8916
0,14,14,45.168,0,56,0,84.5155,1.6823,2.6471,0.7817,1652.6453,10.3849
0,15,15,48.327,0,280,0,88.8096,1.4286,2.5164,1.0622,1716.9413,226.7554
0,16,16,51.488,1,0,-1,82.7589,1.2884,2.3856,0.5820,1652.6453,9.8211
0,17,17,54.647,0,464,0,92.8435,1.6441,1.9281,0.3916,1668.7193,23.8346
0,18,18,57.908,0,296,0,89.0699,1.5851,2.3856,0.7380,1660.3847,7.1334
0,19,19,61.168,0,152,0,86.4674,1.3197,2.8432,0.9663,1659.1940,8.4042
0,20,20,64.327,0,72,0,85.2312,0.9524,2.2549,0.5800,1656.8127,8.8445
0,21,21,67.587,0,40,0,84.4505,1.2707,2.5164,0.6382,1656.8127,8.8445
0,22,22,70.746,0,416,0,91.5422,1.9238,2.7124,0.7609,1663.9567,11.5286
0,23,23,74.008,0,96,0,85.5565,1.4127,2.7124,0.6646,1653.2407,6.6370
0,24,24,77.168,0,344,0,90.9567,1.6163,2.6144,0.8217,1662.7660,7.6967
0,25,25,80.428,0,0,0,84.1902,1.1934,2.3530,0.9484,1654.4313,10.9196
0,26,26,83.587,0,480,0,93.1688,1.3736,2.2876,0.6594,1663.9567,7.2913
0,27,27,86.847,0,400,0,91.3105,1.5924,2.1446,0.7777,1666.5612,12.5762
0,28,28,90.131,0,32,0,83.4095,1.5592,2.4510,0.8286,1654.4313,11.9173
0,29,29,93.392,0,120,0,85.9469,1.2491,2.4510,0.8076,1658.0033,6.4631
0,30,30,96.651,0,408,0,95.5761,14.6875,2.3203,0.7287,1728.2527,248.2996
0,31,31,99.810,0,144,0,86.7927,1.3024,2.2876,0.6594,1727.6573,263.2212
0,32,32,103.072,1,0,-1,83.0191,1.6275,2.1896,0.7832,1647.8827,10.0504
0,33,33,106.231,0,80,0,91.2169,20.7153,2.5817,0.6542,1715.7507,234.4715
0,34,34,109.391,0,360,0,90.6314,1.8760,2.3530,0.6982,1663.3613,7.8916
0,35,35,112.551,0,248,0,91.8675,14.3568,2.4183,0.7743,1725.8713,251.4137
0,36,36,115.812,0,64,0,84.5806,1.4127,2.4837,0.8584,1717.5367,261.1530
0,37,37,118.975,0,376,0,91.0217,1.7090,2.3530,0.6982,1656.8127,9.4667
0,38,38,122.234,0,160,0,89.2651,11.8260,2.3203,0.4332,1716.9413,251.5043
0,39,39,125.495,0,264,0,88.0939,0.7796,2.2876,0.7096,1658.0033,6.4631
0,40,40,128.654,0,88,0,84.9710,0.8624,2.2876,0.8005,1653.8360,11.2957
0,41,41,131.916,0,448,0,97.7882,12.8692,2.5490,0.7684,1726.4667,243.8506
0,42,42,135.075,0,128,0,86.7927,1.2491,2.3530,0.8730,1653.8360,10.7796
0,43,43,138.236,0,328,0,89.3301,1.2160,2.6471,0.9039,1662.1707,7.4459
0,44,44,141.398,0,136,0,86.5325,1.7562,2.3530,1.3127,1659.7893,6.6370
0,45,45,144.659,0,504,0,93.2339,0.8934,2.4510,0.7861,1662.7660,9.0567
0,46,46,147.819,0,256,0,93.7543,20.8286,2.3530,1.0012,1718.1320,233.7887
0,47,47,150.980,0,440,0,92.1929,1.8394,2.3203,0.6799,1657.4080,7.3947
0,48,48,154.142,1,0,-1,83.5396,1.5563,2.7451,0.8450,1650.2640,10.7796
0,49,49,157.403,0,208,0,90.8266,12.1864,2.2876,0.8821,1722.2993,240.1126
0,50,50,160.564,0,336,0,90.0458,1.1349,2.5817,0.7518,1664.5520,8.8015
0,51,51,163.828,0,352,0,90.5663,1.8517,2.4183,0.7518,1668.7193,25.8963
0,52,52,167.088,0,184,0,86.8578,1.6078,2.7124,0.8258,1719.3227,235.9488
0,53,53,170.247,0,200,0,87.3783,1.2707,2.4837,0.6274,1661.5753,10.9196
0,54,54,173.508,0,168,0,87.2481,1.5994,2.3530,0.8924,1663.3613,7.8916
0,55,55,176.667,0,232,0,88.1590,1.4600,2.5490,1.0182,1660.3847,4.0876
0,56,56,179.928,0,320,0,89.4603,1.5504,2.5490,0.8118,1662.1707,10.0504
0,57,57,183.087,0,392,0,91.6724,1.3536,2.2876,0.8624,1662.1707,7.4459
0,58,58,186.347,0,368,0,90.9567,1.4847,2.3530,0.8924,1661.5753,9.8211
0,59,59,189.506,0,192,0,87.2481,1.4662,2.6798,0.5517,1658.5987,9.2229
0,60,60,192.768,0,312,0,89.6554,2.4151,2.3856,0.9051,1660.9800,8.2676
0,61,61,195.927,0,488,0,93.7543,1.3536,2.4837,0.5994,1666.3380,9.4265
0,62,62,199.188,0,216,0,93.7503,23.7172,2.1446,0.4339,1697.8162,121.9144
0,63,63,202.476,0,472,0,92.3474,1.4199,2.2365,0.7796,1659.3056,11.8554
0,64,64,205.763,1,0,-1,83.6697,1.5851,2.2222,0.7380,1646.6920,11.5943
0,65,65,209.023,0,304,0,89.6554,1.7639,2.4510,0.8286,1658.5987,7.1334
0,66,66,212.182,0,456,0,92.6483,1.6688,2.6144,1.0909,1659.1940,9.6652
0,67,67,215.443,0,240,0,88.3542,1.4223,2.1569,0.7365,1658.0033,8.7148
0,68,68,218.703,0,432,0,92.1929,1.7249,2.4510,0.7176,1664.5520,11.5943
0,69,69,221.964,0,16,0,86.5325,13.1540,2.4837,0.5994,1711.5833,225.8038
1,0,70,225.123,1,0,-1,83.2794,1.4600,2.5164,0.7609,1648.4780,8.1286
1,1,71,228.283,0,184,1,86.0770,0.7559,2.1242,0.8423,1660.3847,6.2843
1,2,72,231.544,0,32,1,84.7758,1.4223,2.3856,0.9604,1715.1553,266.8874
1,3,73,234.804,0,88,1,85.2312,1.5059,2.4837,0.8782,1656.8127,6.6370
1,4,74,238.067,0,448,1,92.0627,1.5937,2.5164,0.6899,1660.3847,8.5831
1,5,75,241.227,0,168,1,91.8025,21.0883,2.6471,1.4328,1712.7740,203.1649
1,6,76,244.487,0,488,1,93.1037,1.7995,2.6144,0.7788,1659.1940,13.1590
1,7,77,247.647,0,440,1,92.7784,1.2491,2.3856,0.6108,1665.1473,7.4459
1,8,78,250.907,0,72,1,85.3614,1.0346,2.5817,0.9350,1665.1473,28.2122
1,9,79,254.167,0,296,1,89.5253,1.5851,2.0262,0.9955,1666.9333,33.5265
1,10,80,257.328,0,472,1,92.7134,1.8443,2.3856,0.4855,1665.7427,11.1263
1,11,81,260.587,0,240,1,88.3217,1.8517,2.6042,0.9078,1719.0250,214.1463
1,12,82,263.770,0,272,1,88.8747,1.4968,2.0262,0.7609,1661.5753,7.8916
1,13,83,267.031,0,112,1,87.7117,9.0284,2.0834,1.0961,1653.1662,9.7142
1,14,84,270.315,0,160,1,86.4674,1.1547,2.3856,0.8664,1656.2173,8.1752
1,15,85,273.575,0,312,1,89.3301,1.5592,1.8954,0.8860,1658.0033,8.7148
1,16,86,276.835,1,0,-1,82.3034,1.3636,2.3856,1.0940,1648.4780,7.3947
1,17,87,279.995,0,8,1,83.7348,1.5298,2.1896,0.5197,1651.4547,9.2229
1,18,88,283.256,0,128,1,86.0770,1.6163,2.5164,0.6899,1665.7427,31.6384
1,19,89,286.415,0,408,1,94.6001,12.0347,2.4510,0.9627,1720.5133,202.1380
1,20,90,289.576,0,96,1,85.4915,1.2122,2.0262,0.7609,1653.8360,11.2957
1,21,91,292.735,0,0,1,90.6964,29.7401,2.3530,0.8531,1648.4780,8.1286
1,22,92,295.996,0,512,1,94.0797,1.6414,2.4183,0.7047,1655.6220,14.6346
1,23,93,299.256,0,480,1,93.1688,1.0346,2.2222,0.6646,1663.3613,10.9196
1,24,94,302.415,0,200,1,87.4433,1.2671,2.3856,0.8664,1654.4313,9.8211
1,25,95,305.676,0,56,1,84.8409,1.4030,2.5817,0.7047,1648.4780,8.8015
1,26,96,308.835,0,192,1,87.1180,1.3536,2.1569,0.6883,1656.8127,11.1263
1,27,97,312.095,0,24,1,83.6697,1.5851,2.4837,0.8975,1650.8593,8.8445
1,28,98,315.255,0,320,1,89.5904,1.7380,2.1896,0.8258,1658.0033,4.3574
1,29,99,318.515,0,216,1,87.7036,1.5149,2.1896,0.7144,1659.1940,7.6967
1,30,100,321.674,0,104,1,85.0889,1.5211,2.3591,0.9676,1656.5150,7.2913
1,31,101,324.960,0,40,1,84.3204,1.2122,2.3856,0.8664,1646.6920,9.4265
1,32,102,328.123,1,0,-1,82.8890,1.5416,2.1896,0.5517,1650.8593,12.1070
1,33,103,331.283,0,464,1,92.9085,1.9238,2.3856,0.8258,1663.9567,8.7148
1,34,104,334.544,0,384,1,90.5012,1.8615,2.1242,0.9013,1658.5987,8.5831
1,35,105,337.703,0,504,1,93.9495,1.0079,2.4183,0.7047,1658.5987,9.2229
1,36,106,340.964,0,352,1,89.5904,1.6163,2.6144,0.9202,1658.5987,7.1334
1,37,107,344.123,0,144,1,86.2722,1.0302,2.2222,0.8860,1659.7893,7.4459
1,38,108,347.384,0,360,1,90.3061,1.2160,2.4183,0.7518,1660.9800,13.9164
1,39,109,350.544,0,416,1,91.5422,1.4847,2.3856,0.6899,1662.7660,8.4042
1,40,110,353.803,0,288,1,88.5494,1.2491,2.2876,0.9202,1660.9800,6.7504
1,41,111,356.963,0,376,1,90.7615,1.5650,2.3203,0.8584,1659.1940,7.6967
1,42,112,360.223,0,496,1,92.9085,1.1781,2.5164,0.5517,1664.5520,7.3947
1,43,113,363.382,0,64,1,84.9710,1.4968,2.5490,1.0012,1650.2640,9.6652
1,44,114,366.644,0,80,1,85.2963,1.1547,2.0915,0.5063,1653.8360,10.2376
1,45,115,369.904,0,304,1,89.0048,1.6984,2.5490,0.8531,1658.0033,9.3456
1,46,116,373.067,0,120,1,85.8818,1.2778,2.4183,0.7743,1652.0500,9.5466
1,47,117,376.328,0,224,1,87.7686,1.2491,2.2222,0.5517,1662.1707,6.6370
1,48,118,379.491,1,0,-1,82.8890,1.1934,2.2876,0.7334,1646.6920,8.8015
1,49,119,382.752,0,48,1,85.8244,7.1422,2.4222,1.0750,1699.3265,176.6855
1,50,120,385.959,0,176,1,86.6626,1.7767,2.2222,0.9781,1659.7893,9.4667
1,51,121,389.219,0,280,1,89.7856,1.6496,2.6471,0.7365,1661.5753,7.1334
1,52,122,392.379,0,432,1,92.7134,1.4286,2.2876,1.0260,1659.1940,10.2376
1,53,123,395.639,0,344,1,89.7205,1.0733,2.2222,0.5820,1660.3847,7.8916
1,54,124,398.899,0,336,1,90.3711,1.6414,2.3203,0.7287,1663.3613,7.1334
1,55,125,402.060,0,400,1,91.6724,1.8246,2.3856,0.6108,1666.9333,8.7148
1,56,126,405.320,0,136,1,86.3373,1.6441,2.1569,1.1689,1658.0033,10.4940
1,57,127,408.479,0,328,1,90.0458,1.9681,2.0915,0.9885,1662.1707,8.8445
1,58,128,411.740,0,152,1,86.0770,1.3402,2.0262,0.5517,1655.0267,7.2913
1,59,129,414.900,0,392,1,91.0217,1.5416,1.9935,0.7047,1659.1940,9.6652
1,60,130,418.158,0,368,1,90.7615,1.6079,2.0262,0.8048,1662.1707,5.7147
1,61,131,421.318,0,264,1,90.5012,9.0839,2.5490,1.0992,1718.1320,218.9945
1,62,132,424.579,0,208,1,88.5047,2.5628,2.3897,0.7980,1657.0731,10.7994
1,63,133,427.863,0,16,1,83.4095,1.6850,2.6144,0.7334,1706.8207,227.1670
1,64,134,431.024,1,0,-1,82.7589,1.1188,2.3203,1.1640,1647.2873,8.8445
1,65,135,434.284,0,256,1,95.5802,23.2303,2.6655,0.7796,1720.6994,227.0333
1,66,136,437.567,0,456,1,92.9085,1.3900,2.3856,0.5820,1659.7893,6.6370
1,67,137,440.728,0,424,1,91.4772,1.7090,2.2222,0.9781,1665.7427,8.1752
1,68,138,443.887,0,248,1,88.2356,1.6569,2.4798,1.0175,1657.8282,10.9101
1,69,139,447.199,0,232,1,87.8337,1.3802,2.1896,0.9604,1657.4080,8.8015
2,0,140,450.359,1,0,-1,82.6287,1.4600,2.5490,1.0992,1646.6920,7.3947
2,1,141,453.620,0,176,2,87.1180,1.8615,2.4510,0.8491,1656.2173,8.1752
2,2,142,456.880,0,296,2,89.0048,2.3962,2.3856,0.4855,1658.0033,7.2913
2,3,143,460.040,0,496,2,93.2989,1.1547,2.4510,0.6418,1661.5753,9.8211
2,4,144,463.300,0,40,2,83.9950,1.6275,2.2876,0.6849,1649.6687,12.8377
2,5,145,466.459,0,440,2,92.1278,1.6414,2.3203,1.2074,1662.1707,8.1752
2,6,146,469.719,0,472,2,93.3640,1.0213,2.5490,0.7684,1660.3847,9.2229
2,7,147,472.879,0,160,2,86.6626,1.6984,2.3856,0.8048,1662.1707,18.7520
2,8,148,476.140,0,32,2,84.2350,1.2709,2.3591,0.8245,1645.9106,10.6756
2,9,149,479.424,0,216,2,87.3132,1.1587,2.6144,0.7096,1659.7893,8.1752
2,10,150,482.688,0,504,2,104.8149,29.3772,2.0915,1.1640,1790.1673,332.6413
2,11,151,485.848,0,16,2,83.4745,1.4223,2.5164,0.8860,1647.8827,7.4459
2,12,152,489.007,0,320,2,89.3301,1.5592,2.7451,0.7128,1657.4080,8.1286
2,13,153,492.267,0,416,2,91.6154,1.5887,2.4204,0.8854,1659.8637,7.9036
2,14,154,495.551,0,104,2,85.8168,1.3536,2.5164,0.8464,1655.0267,7.2913
2,15,155,498.810,0,368,2,91.4121,1.6358,2.1242,0.6328,1662.1707,7.4459
2,16,156,502.071,1,0,-1,83.5396,1.2122,2.4510,0.9447,1649.6687,21.9951
2,17,157,505.231,0,240,2,95.9665,30.9863,2.8758,1.6866,1704.4393,195.8172
2,18,158,508.392,0,400,2,91.4772,1.8977,2.2876,0.9387,1661.5753,9.2229
2,19,159,511.551,0,96,2,85.8818,1.5650,2.4837,0.7518,1660.3847,30.6508
2,20,160,514.810,0,64,2,84.7758,1.7249,2.2876,0.7788,1652.0500,10.6734
2,21,161,517.974,0,144,2,86.2722,1.3197,2.3856,0.8048,1655.6220,11.0921
2,22,162,521.234,0,392,2,90.9567,0.9185,2.1569,0.8244,1658.0033,9.9364
2,23,163,524.395,0,208,2,87.1180,1.1349,2.4183,0.9885,1663.3613,18.0082
2,24,164,527.655,0,56,2,83.9300,1.9519,2.9412,0.8690,1656.2173,7.4459
2,25,165,530.817,0,120,2,85.7517,1.2160,2.1242,0.6328,1653.8360,10.2376
2,26,166,533.978,0,8,2,83.7348,1.2884,2.3203,0.9350,1644.9060,11.7891
2,27,167,537.239,0,136,2,92.4531,24.9319,2.8432,1.2178,1654.4313,12.3860
2,28,168,540.399,0,80,2,84.9059,1.6496,2.3530,0.9484,1653.8360,10.2376
2,29,169,543.660,0,224,2,88.2241,1.5562,2.1896,0.7380,1660.9800,7.5472
2,30,170,546.819,0,232,2,88.1590,1.6769,2.2876,1.0750,1788.9767,344.1348
2,31,171,550.080,0,256,2,87.8988,1.5416,2.7451,0.7128,1660.3847,5.3010
2,32,172,553.243,1,0,-1,83.0191,1.3536,2.4837,0.7743,1643.7153,7.1334
2,33,173,556.502,0,128,2,86.2722,1.2122,2.3856,0.8258,1660.9800,30.9344
2,34,174,559.763,0,512,2,94.9255,3.2256,2.2549,0.6629,1657.4080,8.1286
2,35,175,562.922,0,480,2,92.0627,1.0859,2.5817,0.7287,1662.1707,6.6370
2,36,176,566.183,0,152,2,87.0530,1.6163,2.1896,0.7144,1655.6220,8.8015
2,37,177,569.343,0,72,2,84.9059,1.2778,2.4183,1.1491,1653.8360,9.6652
2,38,178,572.503,0,376,2,90.8916,1.9818,2.3856,0.8258,1655.6220,8.8015
2,39,179,575.663,0,464,2,92.6483,2.1018,2.6798,0.7609,1660.3847,10.3849
2,40,180,578.824,0,88,2,85.2312,1.6358,2.2876,0.8005,1652.0500,6.7504
2,41,181,581.983,0,48,2,84.3204,1.0942,2.0588,0.9663,1652.6453,7.1334
2,42,182,585.242,0,456,2,93.1688,2.2397,2.5490,0.4972,1660.3847,7.1334
2,43,183,588.402,0,336,2,89.2000,1.5119,2.2876,0.9202,1652.6453,8.5831
2,44,184,591.662,0,488,2,93.2339,1.3231,2.3856,0.5517,1662.7660,10.2376
2,45,185,594.922,0,280,2,96.6171,30.8020,2.8105,1.5663,1706.8207,187.6778
2,46,186,598.188,0,424,2,92.3230,1.6823,2.2222,0.9781,1658.0033,7.2913
2,47,187,601.447,0,448,2,92.3230,1.7613,2.2549,0.6629,1659.7893,12.1070
2,48,188,604.607,1,0,-1,87.5084,15.8555,2.4183,0.7743,1705.0347,235.0684
2,49,189,607.767,0,328,2,89.2651,1.7249,2.5817,1.0393,1658.0033,8.0346
2,50,190,610.927,0,408,2,91.4772,1.6275,1.9608,0.6932,1658.5987,8.5831
2,51,191,614.190,0,248,2,88.8747,1.4968,2.1896,0.6382,1657.4080,5.6478
2,52,192,617.351,0,0,2,82.8239,1.2707,2.4183,0.6542,1643.1200,6.7504
2,53,193,620.612,0,168,2,86.5325,1.4600,2.5490,0.5917,1653.8360,7.6967
2,54,194,623.771,0,264,2,88.8096,1.4286,2.4510,0.9447,1660.3847,9.8211
2,55,195,627.030,0,288,2,88.5494,1.2491,2.3856,0.6382,1657.4080,9.4265
2,56,196,630.292,0,432,2,92.4694,1.5328,2.0833,0.6816,1657.6312,9.7142
2,57,197,633.574,0,184,2,87.2481,1.0302,2.0915,0.7287,1652.0500,7.5472
2,58,198,636.835,0,352,2,90.6395,1.2787,2.0221,1.0106,1664.3287,24.1551
2,59,199,640.122,0,192,2,86.9228,1.1934,2.2222,0.9423,1652.6453,8.5831
2,60,200,643.383,0,200,2,87.5084,1.6769,2.3530,0.6731,1656.8127,10.0504
2,61,201,646.643,0,112,2,90.5663,17.6217,2.1569,0.9039,1710.3927,243.4111
2,62,202,649.802,0,24,2,87.3132,13.7616,2.2876,0.8821,1708.0113,244.0327
2,63,203,653.063,0,304,2,89.3301,1.4693,2.4510,0.3706,1658.0033,9.9364
2,64,204,656.223,1,0,-1,82.8890,1.4030,2.3203,0.8782,1651.4547,32.9783
2,65,205,659.482,0,312,2,93.0387,15.6221,1.8628,0.8730,1718.1320,238.7311
2,66,206,662.642,0,360,2,96.9424,23.9839,2.0588,1.0349,1716.3460,239.1935
2,67,207,665.903,0,384,2,91.4772,1.5851,2.5490,0.6201,1656.8127,10.0504
2,68,208,669.063,0,344,2,89.5904,1.4847,2.1569,0.9039,1655.0267,9.3456
2,69,209,672.323,0,272,2,88.9398,2.0493,2.3530,0.7223,1663.3613,32.4560
3,0,210,675.483,1,0,-1,82.9541,1.7690,2.1242,0.7564,1641.3340,11.2957
3,1,211,678.742,0,16,3,83.4095,1.1587,1.9935,0.8975,1709.2020,238.7550
3,2,212,682.004,0,152,3,86.4023,1.4222,2.4510,0.6418,1652.0500,11.6921
3,3,213,685.161,0,384,3,91.4121,1.9750,2.3203,0.6542,1658.5987,7.8916
3,4,214,688.423,0,80,3,89.3952,16.6636,2.1569,1.0114,1704.4393,235.3202
3,5,215,691.583,0,432,3,92.7784,3.7156,2.4510,0.9077,1718.7273,226.3883
3,6,216,694.844,0,272,3,88.7446,1.3024,2.2222,0.8664,1655.0267,9.3456
3,7,217,698.002,0,112,3,85.6867,1.1188,2.7124,0.5517,1655.6220,11.0921
3,8,218,701.262,0,24,3,83.2794,1.2047,2.3530,0.9484,1648.4780,7.3947
3,9,219,704.423,0,136,3,85.6867,1.1781,2.6471,0.8033,1652.6453,17.6891
3,10,220,707.683,0,488,3,92.9085,1.6163,2.3856,0.8464,1656.8127,10.0504
3,11,221,710.843,0,256,3,88.3542,1.6022,2.4837,0.6799,1653.8360,10.7796
3,12,222,714.102,0,336,3,90.0458,1.1934,2.2549,0.8244,1716.3460,249.1088
3,13,223,717.363,0,160,3,86.6138,1.7995,2.1446,1.0106,1654.8406,12.0775
3,14,224,720.646,0,352,3,89.9807,2.1572,2.5817,0.8584,1656.8127,13.0140
3,15,225,723.906,0,416,3,91.7374,1.7090,2.1140,0.7319,1659.3056,5.8501
3,16,226,727.192,1,0,-1,83.0191,1.4030,2.2876,0.6328,1640.7387,8.5831
3,17,227,730.451,0,8,3,83.1492,1.4847,2.4183,0.9165,1643.7153,10.3849
3,18,228,733.711,0,304,3,89.8506,1.3024,2.7451,0.8847,1653.2407,7.4459
3,19,229,736.972,0,176,3,86.7277,1.0984,2.3530,0.5620,1655.6220,7.3947
3,20,230,740.232,0,280,3,88.8747,1.8615,2.2876,0.8821,1655.6220,8.1286
3,21,231,743.395,0,344,3,89.8506,1.7484,2.1242,0.6594,1658.5987,9.2229
3,22,232,746.656,0,360,3,90.8916,1.5592,2.3856,0.8860,1657.4080,7.3947
3,23,233,749.819,0,216,3,86.8578,1.1066,2.6471,0.7817,1656.8127,6.6370
3,24,234,753.078,0,0,3,82.9541,1.4254,2.4816,0.7692,1639.7713,7.9036
3,25,235,756.364,0,104,3,86.0770,1.0563,2.5817,0.8175,1658.0033,34.6954
3,26,236,759.626,0,128,3,86.2072,1.3128,2.3856,0.9239,1651.4547,11.9173
3,27,237,762.888,0,56,3,89.1349,17.8307,2.2876,0.8624,1713.9647,249.7771
3,28,238,766.147,0,464,3,92.7784,1.3536,2.5164,0.9051,1660.3847,7.8916
3,29,239,769.407,0,312,3,88.6795,1.8394,2.4183,0.7743,1654.4313,9.8211
3,30,240,772.567,0,424,3,91.4772,2.2275,2.5490,0.7223,1653.2407,9.4667
3,31,241,775.827,0,120,3,85.8168,1.2491,2.3530,0.5306,1649.0733,13.3595
3,32,242,778.987,1,0,-1,83.4095,1.6022,2.4183,0.9885,1643.7153,10.9196
3,33,243,782.247,0,320,3,88.8096,1.4286,2.3203,0.7287,1656.8127,10.0504
3,34,244,785.406,0,72,3,84.7758,2.1466,2.2549,1.0283,1642.5247,7.8916
3,35,245,788.667,0,296,3,88.6144,0.9185,2.3530,0.6201,1655.6220,8.1286
3,36,246,791.928,0,392,3,91.6073,1.8020,2.7451,0.8847,1655.0267,10.4940
3,37,247,795.087,0,248,3,94.9255,24.5302,2.7451,1.1391,1652.0500,7.5472
3,38,248,798.348,0,368,3,93.2989,9.4606,2.0262,0.8464,1706.8207,194.9134
3,39,249,801.507,0,240,3,88.0289,1.6163,2.3530,0.7223,1651.4547,7.8916
3,40,250,804.767,0,192,3,87.2481,1.5994,2.5490,0.6201,1749.6847,334.7341
3,41,251,807.927,0,208,3,87.5735,1.8615,2.6144,0.7096,1652.6453,9.8211
3,42,252,811.186,0,456,3,92.5182,1.2884,2.4183,0.8175,1657.4080,10.0125
3,43,253,814.346,0,264,3,88.8706,1.6123,2.2978,0.6384,1666.5612,27.8362
3,44,254,817.633,0,448,3,92.2864,1.3787,2.2059,0.6932,1655.9569,12.6158
3,45,255,820.921,0,232,3,87.7686,1.3536,2.4183,0.6799,1657.4080,12.0756
3,46,256,824.083,0,480,3,95.1857,6.7902,2.5164,0.7380,1656.8127,10.6020
3,47,257,827.343,0,32,3,83.9300,1.5650,2.6471,0.9411,1643.7153,6.2843
3,48,258,830.504,1,0,-1,82.9541,1.5650,2.9085,0.7518,1642.5247,10.3849
3,49,259,833.768,0,144,3,85.8818,1.2778,2.2876,0.7564,1647.8827,10.0504
3,50,260,836.927,0,88,3,85.4264,1.4223,2.7451,0.8450,1645.5013,9.8211
3,51,261,840.089,0,440,3,92.2579,1.1587,2.5164,0.7609,1656.8127,10.0504
3,52,262,843.251,0,40,3,90.1515,24.3940,2.6348,1.4417,1754.1869,319.7716
3,53,263,846.535,0,512,3,93.4941,1.2345,2.3530,0.7223,1664.5520,31.9846
3,54,264,849.695,0,184,3,86.7927,1.0733,2.9085,1.3923,1646.6920,11.5943
3,55,265,852.954,0,472,3,92.8435,2.1781,2.5817,0.7743,1668.1240,31.3369
3,56,266,856.214,0,224,3,88.2891,1.4693,2.5817,0.8584,1650.2640,12.7188
3,57,267,859.374,0,408,3,91.0868,1.3636,2.0915,1.0057,1653.8360,10.2376
3,58,268,862.635,0,376,3,94.4700,16.0413,2.3203,0.8382,1721.1087,252.7694
3,59,269,865.795,0,168,3,86.8578,1.6496,2.8105,0.7287,1648.4780,9.4265
3,60,270,869.056,0,64,3,84.1902,1.4968,2.3203,0.7743,1646.6920,10.0125
3,61,271,872.215,0,496,3,93.2339,1.0984,2.1242,0.9745,1658.0033,6.4631
3,62,272,875.475,0,328,3,89.2000,1.8736,2.4837,0.6274,1656.8127,10.0504
3,63,273,878.636,0,200,3,86.9798,1.2787,2.0527,0.5722,1653.7244,13.5307
3,64,274,881.819,1,0,-1,83.1492,1.8146,2.2222,0.5820,1641.3340,10.7796
3,65,275,884.978,0,400,3,91.4121,1.3636,2.2222,0.5517,1662.7660,13.9980
3,66,276,888.240,0,504,3,93.1037,1.7995,2.1569,0.7365,1721.7040,237.8562
3,67,277,891.399,0,48,3,84.2553,1.6358,2.1569,0.5800,1640.7387,7.8916
3,68,278,894.559,0,96,3,85.1011,1.3402,2.1569,0.5175,1648.4780,9.4265
3,69,279,897.818,0,288,3,88.4843,1.4127,2.1242,0.5761,1654.4313,10.9196
4,0,280,900.978,1,0,-1,83.0191,1.8246,2.4183,0.5994,1637.7620,8.8015
4,1,281,904.239,0,232,4,88.1590,1.5504,2.5817,0.9710,1727.0620,290.6770
4,2,282,907.400,0,416,4,91.2820,1.9472,2.3856,0.9423,1656.2173,9.4667
4,3,283,910.660,0,264,4,88.8747,1.7869,2.4837,0.5701,1658.5987,11.9173
4,4,284,913.824,0,440,4,91.4121,2.0091,2.0588,0.6982,1659.1940,10.7796
4,5,285,916.983,0,88,4,85.7517,1.7249,2.0588,0.6471,1645.5013,9.8211
4,6,286,920.142,0,48,4,84.3854,1.6022,2.7124,0.7380,1643.1200,9.5466
4,7,287,923.404,0,184,4,91.8675,18.6337,2.6471,1.4447,1651.4547,10.3849
4,8,288,926.564,0,328,4,89.2651,1.4693,2.5164,0.8860,1699.6767,174.7853
4,9,289,929.727,0,336,4,89.5253,2.2578,2.7124,0.6646,1675.8633,104.8313
4,10,290,932.987,0,504,4,94.1447,2.7816,2.9085,1.0057,1656.2173,9.4667
4,11,291,936.148,0,344,4,90.3061,2.0493,1.9608,0.6145,1716.3460,254.1567
4,12,292,939.407,0,368,4,94.4212,14.9522,2.3897,0.8927,1653.1662,6.4188
4,13,293,942.590,0,280,4,88.8747,1.4030,2.4183,1.2899,1652.6453,9.8211
4,14,294,945.851,0,352,4,90.5012,1.3536,2.1896,0.7832,1654.4313,12.3860
4,15,295,949.112,0,432,4,91.6764,1.4462,2.6655,0.6690,1650.9337,9.1505
4,16,296,952.395,1,0,-1,82.8890,1.1349,2.2549,1.0611,1643.7153,15.2695
4,17,297,955.656,0,496,4,92.7784,1.5416,2.3856,0.9423,1656.2173,13.8617
4,18,298,958.815,0,208,4,92.0627,17.5073,2.1896,0.6382,1712.7740,247.6871
4,19,299,961.975,0,512,4,93.2989,1.5563,2.3856,0.4488,1653.8360,9.0567
4,20,300,965.134,0,96,4,84.8409,1.3536,2.4183,0.9165,1644.9060,7.6967
4,21,301,968.396,0,120,4,86.0648,1.3437,2.0527,0.7640,1649.8175,8.9300
4,22,302,971.679,0,320,4,89.2000,1.2671,2.2549,0.9039,1651.4547,10.3849
4,23,303,974.937,0,152,4,86.5325,1.1468,2.5817,0.7287,1648.4780,9.4265
4,24,304,978.198,0,24,4,83.8080,1.3274,2.2059,0.7160,1642.0037,7.9036
4,25,305,981.483,0,0,4,82.7589,1.5736,2.4510,0.6932,1638.3573,8.8445
4,26,306,984.744,0,216,4,90.8225,12.0872,2.2978,0.6384,1706.7462,226.1219
4,27,307,987.927,0,32,4,83.9300,1.5209,2.5164,0.8258,1643.7153,6.2843
4,28,308,991.188,0,64,4,84.9710,1.5851,2.7124,1.0126,1641.9293,8.1752
4,29,309,994.448,0,72,4,87.5735,10.1453,2.1569,0.9039,1702.6533,233.1267
4,30,310,997.708,0,288,4,89.0048,1.3402,2.4837,0.8975,1649.0733,6.4631
4,31,311,1000.967,0,248,4,88.4437,1.8474,2.2672,0.6904,1648.1431,10.7994
4,32,312,1004.150,1,0,-1,83.1492,1.9588,2.3856,0.9781,1697.8907,239.3760
4,33,313,1007.411,0,224,4,88.0167,1.9263,2.2059,0.7594,1648.7013,10.7531
4,34,314,1010.697,0,40,4,83.9950,1.3536,2.6471,1.0283,1639.5480,8.8015
4,35,315,1013.960,0,168,4,87.2481,1.6823,2.1242,0.8005,1656.8127,35.0547
4,36,316,1017.119,0,160,4,86.7927,1.4030,2.2222,0.4855,1643.7153,11.9173
4,37,317,1020.378,0,272,4,89.0699,1.2491,2.5164,0.8048,1649.0733,8.0346
4,38,318,1023.639,0,472,4,91.9326,1.8517,2.5490,0.6731,1653.8360,8.4042
4,39,319,1026.799,0,56,4,84.0601,1.4223,2.4183,0.7047,1641.3340,9.6652
4,40,320,1030.059,0,448,4,91.9326,1.6984,2.3856,0.9955,1721.1087,260.2309
4,41,321,1033.220,0,256,4,88.6144,1.1188,2.4837,1.1034,1650.8593,8.1752
4,42,322,1036.480,0,144,4,85.8818,1.5209,2.4837,0.6542,1641.3340,7.6967
4,43,323,1039.639,0,424,4,96.4219,19.5923,2.4183,0.8584,1655.0267,10.4940
4,44,324,1042.900,0,176,4,87.5735,1.7869,2.4510,0.9804,1646.0967,9.9364
4,45,325,1046.059,0,312,4,89.2000,1.9096,2.4183,0.8975,1652.0500,10.1257
4,46,326,1049.320,0,16,4,90.6314,27.3556,2.3856,0.4855,1702.6533,235.6540
4,47,327,1052.479,0,488,4,92.8435,0.8934,2.5817,1.0057,1658.0033,9.3456
4,48,328,1055.738,1,0,-1,83.4745,1.6441,2.3530,0.5620,1637.1667,8.7148
4,49,329,1059.000,0,192,4,86.8578,1.3802,2.4183,0.7518,1653.8360,18.5484
4,50,330,1062.159,0,376,4,90.4362,1.9402,2.4183,0.5063,1653.2407,7.4459
4,51,331,1065.424,0,456,4,92.3880,1.5504,2.7451,0.7594,1652.6453,14.1061
4,52,332,1068.588,0,400,4,91.0868,1.4600,2.2222,0.8860,1654.4313,11.4293
4,53,333,1071.848,0,408,4,92.1278,1.3197,2.4837,0.8175,1657.4080,8.1286
4,54,334,1075.007,0,128,4,85.9469,1.5416,2.4837,0.7287,1649.0733,8.0346
4,55,335,1078.268,0,296,4,92.7134,13.8411,2.4183,0.8382,1708.0113,229.2287
4,56,336,1081.428,0,360,4,91.4772,1.4968,2.3530,0.4972,1652.0500,8.2676
4,57,337,1084.687,0,240,4,88.4843,1.2599,1.9935,0.5994,1647.8827,11.1263
4,58,338,1087.948,0,464,4,92.3880,1.7562,2.3530,0.9663,1653.2407,10.0504
4,59,339,1091.208,0,80,4,84.7107,1.1188,2.6471,0.6883,1649.6687,24.6799
4,60,340,1094.468,0,112,4,85.6216,1.7090,2.5164,0.6646,1641.3340,6.0378
4,61,341,1097.627,0,8,4,84.4505,2.8301,2.8432,0.8924,1639.5480,7.3947
4,62,342,1100.888,0,480,4,96.7472,16.2338,2.2876,0.7334,1719.9180,255.5559
4,63,343,1104.047,0,136,4,85.8818,1.3802,2.5490,1.1300,1643.7153,7.1334
4,64,344,1107.307,1,0,-1,82.9541,1.4286,2.5164,0.9051,1696.1047,232.4366
4,65,345,1110.466,0,104,4,85.1662,1.1349,2.7124,0.7832,1642.5247,7.1334
4,66,346,1113.727,0,304,4,88.7446,1.6275,2.2222,0.5820,1652.0500,12.1695
4,67,347,1116.887,0,384,4,91.2820,1.1587,2.1896,0.8258,1653.2407,7.4459
4,68,348,1120.147,0,392,4,91.0217,1.5416,2.5817,0.6542,1657.4080,11.5943
4,69,349,1123.408,0,200,4,86.9879,1.4222,2.3530,0.7684,1649.0733,12.4777
5,0,350,1126.568,1,0,-1,82.6938,1.4968,2.6144,0.8423,1634.7853,8.5831
5,1,351,1129.728,0,184,5,86.8578,1.4286,2.4837,0.7287,1649.6687,8.5831
5,2,352,1132.887,0,176,5,86.7277,1.8020,2.4837,0.7743,1650.2640,6.9171
5,3,353,1136.147,0,136,5,85.7517,1.6441,2.8758,0.9239,1652.0500,19.6808
5,4,354,1139.307,0,360,5,90.5663,1.6163,2.3530,0.5306,1657.4080,12.9847
5,5,355,1142.568,0,424,5,91.5422,1.7767,2.4183,0.7962,1650.8593,8.1752
5,6,356,1145.727,0,496,5,92.5832,1.9120,2.2876,0.5761,1653.8360,10.2376
5,7,357,1148.889,0,152,5,87.8337,5.1395,2.6348,0.6904,1648.1431,10.2954
5,8,358,1152.175,0,216,5,88.2241,1.1547,2.5490,0.7684,1649.6687,7.8916
5,9,359,1155.436,0,280,5,89.5253,1.4507,2.6471,0.8244,1649.6687,7.1334
5,10,360,1158.695,0,288,5,94.6042,17.4996,2.1446,0.8746,1704.5137,219.5128
5,11,361,1161.979,0,384,5,91.4121,1.4600,2.8105,1.0393,1651.4547,7.8916
5,12,362,1165.239,0,8,5,83.2794,1.5504,2.4183,0.6542,1637.1667,8.0346
5,13,363,1168.398,0,248,5,88.3542,1.1587,2.3530,1.0182,1650.8593,6.6370
5,14,364,1171.659,0,160,5,87.1180,1.5851,2.8758,0.7144,1646.6920,12.0756
5,15,365,1174.919,0,32,5,83.8649,1.3536,2.5490,0.5917,1637.1667,8.0346
5,16,366,1178.179,1,0,-1,83.4745,1.7639,2.5490,0.9484,1639.5480,9.4265
5,17,367,1181.440,0,504,5,94.0146,2.0757,2.5490,0.6982,1649.6687,12.3860
5,18,368,1184.599,0,488,5,94.0797,1.8369,2.2549,0.5800,1724.0853,264.3570
5,19,369,1187.859,0,296,5,89.7282,1.6716,2.4798,0.6817,1649.4235,11.2801
5,20,370,1191.167,0,368,5,90.5012,2.0360,2.6471,1.0930,1653.2407,8.8445
5,21,371,1194.428,0,80,5,84.7107,1.1781,2.3203,0.8782,1638.9527,9.4667
5,22,372,1197.687,0,48,5,84.3854,1.2160,2.4510,0.6932,1638.9527,6.6370
5,23,373,1200.847,0,320,5,96.0315,23.9531,3.0392,2.0228,1650.8593,12.1070
5,24,374,1204.108,0,88,5,85.3613,1.3736,2.5490,0.7457,1643.1200,6.7504
5,25,375,1207.267,0,96,5,84.9059,1.5209,2.0588,0.6471,1640.1433,12.0125
5,26,376,1210.527,0,128,5,86.0120,1.4693,2.4510,0.7411,1705.0347,237.4072
5,27,377,1213.687,0,336,5,89.9807,2.0271,2.4837,0.6274,1648.4780,10.0125
5,28,378,1216.946,0,264,5,88.3542,1.0984,2.4183,0.9885,1646.6920,10.5661
5,29,379,1220.207,0,432,5,95.4460,16.6162,2.3203,1.0227,1715.7507,224.8989
5,30,380,1223.468,0,472,5,93.3640,2.2336,2.5490,0.4972,1655.0267,9.3456
5,31,381,1226.728,0,352,5,90.2735,1.9519,2.4816,0.7481,1654.8406,6.2881
5,32,382,1230.011,1,0,-1,88.1590,17.4995,2.6798,0.6108,1706.8207,259.2089
5,33,383,1233.271,0,376,5,90.9567,1.4847,2.4183,0.7287,1649.6687,11.4293
5,34,384,1236.430,0,64,5,84.2553,1.3128,2.5164,0.5197,1709.7973,255.9137
5,35,385,1239.692,0,192,5,86.9879,1.2707,2.6144,0.5761,1646.0967,7.2913
5,36,386,1242.852,0,464,5,92.1278,1.5119,2.3530,1.0012,1658.5987,9.8211
5,37,387,1246.011,0,408,5,92.3880,1.9750,2.4510,0.7639,1649.6687,12.8377
5,38,388,1249.271,0,112,5,85.3329,1.1802,2.5429,0.8625,1643.1200,10.3115
5,39,389,1252.555,0,0,5,83.7348,1.5736,2.0915,0.9165,1637.7620,5.6478
5,40,390,1255.815,0,272,5,91.7374,12.7459,2.2549,0.9943,1715.1553,244.5690
5,41,391,1258.975,0,400,5,91.5422,2.0271,1.9935,1.0393,1652.0500,8.9300
5,42,392,1262.234,0,448,5,91.9977,1.8246,2.5817,0.7743,1654.4313,7.1334
5,43,393,1265.495,0,232,5,87.8337,2.0538,2.8758,0.8258,1649.0733,9.3456
5,44,394,1268.654,0,440,5,92.4531,1.4507,2.3530,0.5306,1730.0387,282.4411
5,45,395,1271.915,0,168,5,87.1180,1.7090,2.5164,0.5197,1640.7387,9.8211
5,46,396,1275.075,0,56,5,83.6047,1.5059,2.4837,0.8975,1638.9527,7.4459
5,47,397,1278.238,0,416,5,97.2270,26.4424,2.6348,0.7353,1709.5369,218.2033
5,48,398,1281.522,1,0,-1,83.0842,1.8760,2.4837,0.7287,1634.1900,8.9300
5,49,399,1284.783,0,120,5,85.6867,1.2345,2.6144,0.7788,1640.7387,8.5831
5,50,400,1287.943,0,104,5,85.4915,0.9619,2.3856,0.7609,1649.6687,32.2800
5,51,401,1291.204,0,328,5,90.0458,1.0733,2.3530,0.5917,1647.8827,9.4667
5,52,402,1294.363,0,512,5,93.3640,1.2047,2.2549,1.0930,1651.4547,11.9173
5,53,403,1297.623,0,16,5,83.7348,1.5298,2.1242,0.6594,1637.7620,10.0125
5,54,404,1300.884,0,24,5,83.9300,1.8443,2.4183,0.5391,1638.9527,6.6370
5,55,405,1304.043,0,208,5,87.0530,1.5736,2.3530,0.9839,1645.5013,7.8916
5,56,406,1307.304,0,344,5,90.0458,1.5851,2.2876,0.6051,1651.4547,9.2229
5,57,407,1310.463,0,144,5,85.8244,0.8777,1.9320,0.9084,1646.2718,8.3181
5,58,408,1313.771,0,392,5,91.6073,1.9120,2.4183,0.6274,1659.7893,31.6384
5,59,409,1316.932,0,40,5,84.6457,1.7484,2.6798,0.4488,1641.9293,8.1752
5,60,410,1320.192,0,456,5,92.3230,1.0942,2.1896,0.8464,1658.0033,8.0346
5,61,411,1323.351,0,304,5,88.4843,1.3128,2.5164,0.6108,1647.2873,9.4667
5,62,412,1326.611,0,240,5,87.9638,1.0984,2.1569,0.6629,1647.2873,7.4459
5,63,413,1329.871,0,200,5,91.7374,16.7743,2.6144,0.8821,1708.6067,229.1094
5,64,414,1333.132,1,0,-1,82.6938,1.4507,2.1569,0.9039,1634.7853,7.8916
5,65,415,1336.392,0,256,5,88.5494,1.6688,2.4183,0.5063,1648.4780,10.0125
5,66,416,1339.552,0,480,5,93.3640,1.3128,2.1242,1.1065,1651.4547,10.9196
5,67,417,1342.812,0,72,5,84.6457,0.9380,2.4510,0.9447,1641.9293,11.1263
5,68,418,1345.971,0,312,5,89.6554,1.7639,2.4510,1.0316,1650.2640,7.6967
5,69,419,1349.231,0,224,5,88.5494,1.4030,2.5817,0.7743,1647.8827,12.5686
